Model Type,Model,R2,RMSE,MSE,MAE,MAPE
regression,Cubist,0.6657903092421027,6.9303072371525,49.78682302941503,4.5836042169205635,66.75360634772764
regression,GBM,0.5803850477164433,7.805701389801129,62.75748459360398,5.0632967982605255,80.92687787493
regression,MARS,0.41604596597809673,9.351069266588667,87.93405200234047,6.736715680815149,102.73288405953292
regression,RF,0.5832151775784782,7.818532818435178,62.42615445215121,5.226866403409935,83.76144873527014
regression,SVM,0.5114338603366637,8.370272009294892,72.87856627519986,5.312245680927705,66.56395471090093
regression,XGB,0.5879646643591172,7.716665046066431,61.56648339177241,5.145644376569852,81.31970709691345
